"Customer Name","Event Date","Order Number","Street Address","City","State","Zip Code","Contact Name","Contact Phone","Contact Email","Store Name","Caterer Name","Order Status","Order Source","Driver","Submitted Date","Order Total Amount","Notes"
"100 Painters Mill Rd","2025-07-15","574-FYU","100 Painters Mill Rd","Owings Mills","MD","21117","","","","Owings Mills, MD","The Hummus Republic (Owings Mills, MD)","Completed","ezOrdering Takeout","N/A","2025-07-14","240.53",""
"510 Patleigh Rd","2025-07-19","HW0-KH9","510 Patleigh Rd","Catonsville","MD","21228","","","","Owings Mills, MD","The Hummus Republic (Owings Mills, MD)","Completed","ezOrdering Takeout","N/A","2025-07-10","800.98",""
"Johns Hopkins Urology","2025-07-31","5Y5-MC4","10803 Falls Rd Pavillion 3, Suite 3300","Timonium","MD","21093","","","","Owings Mills, MD","The Hummus Republic (Owings Mills, MD)","Completed","Marketplace Takeout","N/A","2025-07-29","295.24",""
"23 Crossroads Dr","2025-08-06","T20-TJ9","23 Crossroads Dr","Owings Mills","MD","21117","","","","Owings Mills, MD","The Hummus Republic (Owings Mills, MD)","Completed","Marketplace Takeout","N/A","2025-08-06","132.83",""
"ABC Greater Baltimore","2025-08-13","0E4-2Y4","2101 E Biddle St Suite 5000","Baltimore","MD","21213","","","","Owings Mills, MD","The Hummus Republic (Owings Mills, MD)","Completed","Marketplace Delivery","N/A","2025-08-07","396.06",""
"Hilton Garden Inn BWI Airport","2025-08-18","QPM-167","1516 Aero Dr","Linthicum Heights","MD","21090","","","","Owings Mills, MD","The Hummus Republic (Owings Mills, MD)","Completed","Marketplace Delivery","N/A","2025-08-07","955.42",""
"118 Shawan Rd","2025-09-04","QR5-8UV","118 Shawan Rd","Cockeysville","MD","21030","","","","Owings Mills, MD","The Hummus Republic (Owings Mills, MD)","Completed","Marketplace Takeout","N/A","2025-09-04","164.89",""
"Chesapeake Urology","2025-09-04","QQE-97Y","6820 Hospital Dr 210","Rosedale","MD","21237","","","","Owings Mills, MD","The Hummus Republic (Owings Mills, MD)","Completed","Marketplace Delivery","N/A","2025-09-03","551.18",""
"Chesapeake Urology","2025-09-10","ET1-RGP","410 Malcolm Dr A","Westminster","MD","21157","","","","Owings Mills, MD","The Hummus Republic (Owings Mills, MD)","Completed","Marketplace Delivery","N/A","2025-09-09","441.08",""
"5429 Weywood Dr","2025-09-13","WYH-RFY","5429 Weywood Dr","Reisterstown","MD","21136","","","","Owings Mills, MD","The Hummus Republic (Owings Mills, MD)","Completed","Marketplace Takeout","N/A","2025-09-13","183.97",""
"Johns Hopkins Hospital - Wolfe Street Entrance","2025-09-23","AX2-YV9","600 N Wolfe St RAD 118","Baltimore","MD","21287","","","","Owings Mills, MD","The Hummus Republic (Owings Mills, MD)","Completed","Marketplace Delivery","N/A","2025-09-04","679.36",""
"Maryland State Highway Administration","2025-09-25","83C-ZZR","707 N Calvert St Cafeteria","Baltimore","MD","21202","","","","Owings Mills, MD","The Hummus Republic (Owings Mills, MD)","Completed","Marketplace Delivery","N/A","2025-09-19","2229.18",""
"William E Kahlert Cancer Center","2025-10-13","TT1-583","291 Stoner Ave","Westminster","MD","21157","","","","Owings Mills, MD","The Hummus Republic (Owings Mills, MD)","Completed","Marketplace Takeout","N/A","2025-10-12","233.72",""
"StepStone Group","2025-10-14","5KU-M8U","100 Painters Mill Rd Ste 700","Owings Mills","MD","21117","","","","Owings Mills, MD","The Hummus Republic (Owings Mills, MD)","Completed","Marketplace Delivery","N/A","2025-10-07","1115.55",""
"Temple Isaiah","2025-10-16","YE3-JZ2","12200 Scaggsville Rd","Fulton","MD","20759-2404","","","","Owings Mills, MD","The Hummus Republic (Owings Mills, MD)","Completed","Marketplace Delivery","N/A","2025-10-11","464.14",""
"Sinai Hospital","2025-10-23","4Z6-CMX","2401 W Belvedere Ave","Baltimore","MD","21215","","","","Owings Mills, MD","The Hummus Republic (Owings Mills, MD)","Completed","Marketplace Delivery","N/A","2025-10-22","540.16",""
"Khalert Cancer Center","2025-11-07","HHK-5FZ","291 Stoner Ave","Westminster","MD","21157","","","","Owings Mills, MD","The Hummus Republic (Owings Mills, MD)","Completed","Marketplace Delivery","N/A","2025-10-30","480.11",""
"Total Eye Care- Westminster","2025-11-10","YXE-5H1","826 New Washington Rd 200","Westminster","MD","21157","","","","Owings Mills, MD","The Hummus Republic (Owings Mills, MD)","Food Delivered","Marketplace Delivery","N/A","2025-11-09","420.54",""
"UMUCMC Pulmonary and Sleep Medicine Bel Air","2025-11-12","PV0-XTU","227 Gateway Dr Suite J","Bel Air","MD","21014","","","","Owings Mills, MD","The Hummus Republic (Owings Mills, MD)","Food Delivered","Marketplace Delivery","N/A","2025-11-11","342.56",""
"Chesapeake Urology Westminster","2025-11-13","GZX-PV3","410 Malcolm Dr","Westminster","MD","21157","","","","Owings Mills, MD","The Hummus Republic (Owings Mills, MD)","Food Delivered","Marketplace Delivery","N/A","2025-11-12","338.95",""
"Calvert Medical Group","2025-11-14","F2J-7VT","2 HAMILL RD STE 272N suite 272N","Baltimore","MD","21210","","","","Owings Mills, MD","The Hummus Republic (Owings Mills, MD)","Completed","Marketplace Delivery","Sudip Patel","2025-11-13","375.81",""
"Grace Fellowship Church Shrewsbury","2025-11-15","0R6-UXX","74 E Forrest Ave","Shrewsbury","PA","17361","","","","Owings Mills, MD","The Hummus Republic (Owings Mills, MD)","Completed","Marketplace Delivery","Sunny Bhatt","2025-11-12","326.44",""
"Harford Gastroenterology Associates","2025-11-19","K4C-415","100 Walter Ward Blvd Suite 100","Abingdon","MD","21009","","","","Owings Mills, MD","The Hummus Republic (Owings Mills, MD)","Completed","Marketplace Delivery","Sudip Patel","2025-11-18","684.19",""
"JHU Psychological and Brain Sciences","2025-11-19","JQY-581","3400 N Charles St Gilman Hall","Baltimore","MD","21218","","","","Owings Mills, MD","The Hummus Republic (Owings Mills, MD)","Completed","Marketplace Delivery","Sunny Bhatt","2025-11-14","274.27",""
"Ciena Corporation","2025-11-24","3WK-MR0","7035 Ridge Rd","Anne Arundel County","MD","21076","","","","Owings Mills, MD","The Hummus Republic (Owings Mills, MD)","Completed","Marketplace Delivery","Sunny Bhatt","2025-11-22","351.08",""
"Sinai Gastroenterology","2025-12-03","W74-PG2","2411 W Belvedere Ave Suite 305","Baltimore","MD","21215","","","","Owings Mills, MD","The Hummus Republic (Owings Mills, MD)","Completed","Marketplace Delivery","Sunny Bhatt","2025-12-02","332.91",""
"Hanover Family Practice","2025-12-12","QQH-3JY","112 Clover Ln","Hanover","PA","17331","","","","Owings Mills, MD","The Hummus Republic (Owings Mills, MD)","Completed","Marketplace Delivery","Sunny Bhatt","2025-12-11","287.36",""
"Mark Marten, UMBC CBEE Chair","2025-12-13","EVU-PV4","5998 Calvert Way","Eldersburg","MD","21784","","","","Owings Mills, MD","The Hummus Republic (Owings Mills, MD)","Completed","Marketplace Delivery","Sunny Bhatt","2025-12-05","546.82",""
"Temple Isaiah","2025-12-17","83W-VWV","12200 Scaggsville Rd","Fulton","MD","20759-2404","","","","Owings Mills, MD","The Hummus Republic (Owings Mills, MD)","Completed","Marketplace Delivery","Sunny Bhatt","2025-12-15","373.52",""
"Modly Dermatology","2025-12-18","H6K-331","4 Glyndon Dr Suite 2G","Reisterstown","MD","21136","","","","Owings Mills, MD","The Hummus Republic (Owings Mills, MD)","Completed","Marketplace Delivery","Sunny Bhatt","2025-12-12","274.18",""
"Syngene Intl","2026-01-06","3GZ-TPX","5901 E Lombard St","Baltimore","MD","21202","","","","Owings Mills, MD","The Hummus Republic (Owings Mills, MD)","Completed","Marketplace Delivery","Jairon Paredes","2025-12-19","510.51",""
"Plastic surgery","2026-01-20","233-Y6X","300 Frederick Rd Suite 200","Catonsville","MD","21228","","","","Owings Mills, MD","The Hummus Republic (Owings Mills, MD)","Completed","Marketplace Delivery","Jairon Paredes","2026-01-19","339.53",""
"UMBC - Main Campus","2026-01-22","K2E-GH2","1000 Hilltop Circle Performing Arts & Humanities Building, Atrium 1st Flr","Baltimore","MD","21250","","","","Owings Mills, MD","The Hummus Republic (Owings Mills, MD)","Completed","Marketplace Delivery","Jairon Paredes","2026-01-06","350.99",""
"2401 E Monument St","2026-01-29","XEJ-Y6J","2401 E Monument St","Baltimore","MD","21205","","","","Owings Mills, MD","The Hummus Republic (Owings Mills, MD)","Completed","Marketplace Takeout","N/A","2026-01-28","264.14",""
"Advanced Dermatology","2026-01-30","M7Q-WT2","3445 Box Hill Corporate Center Dr E","Abingdon","MD","21009","","","","Owings Mills, MD","The Hummus Republic (Owings Mills, MD)","Completed","Marketplace Delivery","Jairon Paredes","2026-01-29","366.67",""
"AllerVie Health","2026-02-02","G6F-PRJ","1838 Greene Tree Rd 260","Pikesville","MD","21208","","","","Owings Mills, MD","The Hummus Republic (Owings Mills, MD)","Completed","Marketplace Delivery","Jairon Paredes","2026-01-29","334.62",""
"Kuo Internal Medicne","2026-02-02","7P7-4KF","5965 Exchange Dr Suite A","Eldersburg","MD","21784","","","","Owings Mills, MD","The Hummus Republic (Owings Mills, MD)","Completed","Marketplace Delivery","Jairon Paredes","2026-02-01","321.53",""
"LK Dental LLC","2026-02-09","H14-FK7","20 S Center St","Westminster","MD","21157","","","","Owings Mills, MD","The Hummus Republic (Owings Mills, MD)","Completed","Marketplace Delivery","Jairon Paredes","2026-02-09","256.98",""
"Total Eye Care- Westminster","2026-02-09","PTA-WTK","826 New Washington Rd 200","Westminster","MD","21157","","","","Owings Mills, MD","The Hummus Republic (Owings Mills, MD)","Completed","Marketplace Delivery","Jairon Paredes","2026-02-03","516.12",""
"Maryland Oncology Hematology","2026-02-18","W0P-MV3","5961 Exchange Dr","Sykesville","MD","21784","","","","Owings Mills, MD","The Hummus Republic (Owings Mills, MD)","Completed","Marketplace Delivery","Sunny Bhatt","2026-02-17","422.07",""
"Carroll Primary Care","2026-02-19","JM6-7K9","912 Washington Rd","Westminster","MD","21157","","","","Owings Mills, MD","The Hummus Republic (Owings Mills, MD)","Completed","Marketplace Delivery","Sunny Bhatt","2026-02-18","353.99",""
"JHU Psychology and Brain Sciences","2026-02-26","U54-2TH","3400 N Charles St Gilman Hall","Baltimore","MD","21218","","","","Owings Mills, MD","The Hummus Republic (Owings Mills, MD)","Completed","Marketplace Delivery","Sunny Bhatt","2026-02-23","353.66",""
"Baltimore Sleep and Wellness","2026-02-27","XVA-JUZ","6830 Hospital Dr Suite 106","Baltimore","MD","21237","","","","Owings Mills, MD","The Hummus Republic (Owings Mills, MD)","Completed","Marketplace Delivery","Sunny Bhatt","2026-02-26","376.02",""
"LifeBridge Endocrinology","2026-03-03","WQU-ZX4","103 Stoner Ave Suite 100","Westminster","MD","21157","","","","Owings Mills, MD","The Hummus Republic (Owings Mills, MD)","Completed","Marketplace Delivery","Sunny Bhatt","2026-03-02","321.45",""
"Cardiology office Naganna","2026-03-05","WV7-CZC","700-A Poole Rd","Westminster","MD","21157","","","","Owings Mills, MD","The Hummus Republic (Owings Mills, MD)","Completed","Marketplace Delivery","Sunny Bhatt","2026-03-04","350.59",""
"Vascular - Dr. Rivera","2026-03-09","MJW-6VJ","1838 Greene Tree Rd suite 430 430","Pikesville","MD","21208","","","","Owings Mills, MD","The Hummus Republic (Owings Mills, MD)","Completed","Marketplace Takeout","Dispatch","2026-03-09","206.1",""
"Chespeake Urology","2026-03-11","4YP-UC0","6820 Hospital Dr 210","Rosedale","MD","21237","","","","Owings Mills, MD","The Hummus Republic (Owings Mills, MD)","Completed","Marketplace Delivery","Jairon Paredes","2026-03-10","617.87",""
"Amazon KBWI","2026-03-17","AXP-86Q","27350 Mathison Way","Baltimore","MD","21240","","","","Owings Mills, MD","The Hummus Republic (Owings Mills, MD)","Completed","Marketplace Delivery","Sunny Bhatt","2026-03-11","472.55",""
"Carroll Hospital","2026-03-17","KMF-109","200 Memorial Ave","Westminster","MD","21157","","","","Owings Mills, MD","The Hummus Republic (Owings Mills, MD)","Completed","Marketplace Delivery","Sunny Bhatt","2026-03-10","355.01",""
"Advanced Dermatology","2026-03-18","QAW-6P4","1838 Greene Tree Rd 340","Pikesville","MD","21208","","","","Owings Mills, MD","The Hummus Republic (Owings Mills, MD)","Completed","Marketplace Delivery","Sunny Bhatt","2026-03-17","350.36",""
"DAP Inc","2026-03-18","E9A-ERG","2400 Boston St 200","Baltimore","MD","21224","","","","Owings Mills, MD","The Hummus Republic (Owings Mills, MD)","Completed","Marketplace Delivery","Sunny Bhatt","2026-03-05","1315.79",""
"Studio Partnership","2026-03-18","779-TRK","34 Loveton Cir 101","Sparks Glencoe","MD","21152","","","","Owings Mills, MD","The Hummus Republic (Owings Mills, MD)","Completed","Marketplace Delivery","Sunny Bhatt","2026-03-17","229.63",""
"Coppermine Pantherplex","2026-03-21","5WE-1UQ","1400 Panther Dr","Hampstead","MD","21074","","","","Owings Mills, MD","The Hummus Republic (Owings Mills, MD)","Completed","Marketplace Delivery","Sunny Bhatt","2026-03-16","274.58",""
"Akeso Nottingham Oral Surgery","2026-03-30","4X2-6TH","7544 Belair Rd","Nottingham","MD","21236","","","","Owings Mills, MD","The Hummus Republic (Owings Mills, MD)","Completed","Marketplace Delivery","Jairon Paredes","2026-03-29","256.98",""
"Carroll Health Endocrinology","2026-04-07","EGZ-565","193 Stoner Ave Suite 100","Westminster","MD","21157","","","","Owings Mills, MD","The Hummus Republic (Owings Mills, MD)","Completed","Marketplace Delivery","Sunny Bhatt","2026-04-06","332.91",""
"Epiphany dermatology","2026-04-08","GFG-XP6","6535 N Charles St 200","Towson","MD","21204","","","","Owings Mills, MD","The Hummus Republic (Owings Mills, MD)","Completed","Marketplace Delivery","Sunny Bhatt","2026-04-07","332.91",""
"197 Defense Highway suite 101","2026-04-14","E94-F8G","197 Defense Highway suite 101","Annapolis","MD","21401","","","","Owings Mills, MD","The Hummus Republic (Owings Mills, MD)","Food Delivered","Marketplace Delivery","Sunny Bhatt","2026-04-13","245.17",""
"Franklin Square Hospital Center Gastroenterology","2026-04-14","MG5-HGX","9000 Franklin Square Dr Entr. #1, Door 26","Rosedale","MD","21237","","","","Owings Mills, MD","The Hummus Republic (Owings Mills, MD)","Food Delivered","Marketplace Delivery","Jairon Paredes","2026-04-13","522.56",""
"Kindred Treatment Center","2026-04-14","ZCE-KVY","3000 Manchester Rd","Manchester","MD","21102","","","","Owings Mills, MD","The Hummus Republic (Owings Mills, MD)","Food Delivered","Marketplace Delivery","Sudip Patel","2026-04-14","234.53",""
"TOTAL","","","","","","","","","","","","","","","","26018.85",""
